"dMSC","dTT","dEP","iKC","iMC","rp"
0.1,2,0.1,0,0,1
0.5,2,0.1,0,0,1
1,2,0.1,0,0,1
5,2,0.1,0,0,1
10,2,0.1,0,0,1
0.1,4,0.1,0,0,1
0.5,4,0.1,0,0,1
1,4,0.1,0,0,1
5,4,0.1,0,0,1
10,4,0.1,0,0,1
0.1,2,0.1,1,0,1
0.5,2,0.1,1,0,1
1,2,0.1,1,0,1
5,2,0.1,1,0,1
10,2,0.1,1,0,1
0.1,4,0.1,1,0,1
0.5,4,0.1,1,0,1
1,4,0.1,1,0,1
5,4,0.1,1,0,1
10,4,0.1,1,0,1
0.1,2,0.1,0,1,1
0.5,2,0.1,0,1,1
1,2,0.1,0,1,1
5,2,0.1,0,1,1
10,2,0.1,0,1,1
0.1,4,0.1,0,1,1
0.5,4,0.1,0,1,1
1,4,0.1,0,1,1
5,4,0.1,0,1,1
10,4,0.1,0,1,1
0.1,2,0.1,1,1,1
0.5,2,0.1,1,1,1
1,2,0.1,1,1,1
5,2,0.1,1,1,1
10,2,0.1,1,1,1
0.1,4,0.1,1,1,1
0.5,4,0.1,1,1,1
1,4,0.1,1,1,1
5,4,0.1,1,1,1
10,4,0.1,1,1,1
0.1,2,0.1,0,2,1
0.5,2,0.1,0,2,1
1,2,0.1,0,2,1
5,2,0.1,0,2,1
10,2,0.1,0,2,1
0.1,4,0.1,0,2,1
0.5,4,0.1,0,2,1
1,4,0.1,0,2,1
5,4,0.1,0,2,1
10,4,0.1,0,2,1
0.1,2,0.1,1,2,1
0.5,2,0.1,1,2,1
1,2,0.1,1,2,1
5,2,0.1,1,2,1
10,2,0.1,1,2,1
0.1,4,0.1,1,2,1
0.5,4,0.1,1,2,1
1,4,0.1,1,2,1
5,4,0.1,1,2,1
10,4,0.1,1,2,1
0.1,2,0.1,0,0,2
0.5,2,0.1,0,0,2
1,2,0.1,0,0,2
5,2,0.1,0,0,2
10,2,0.1,0,0,2
0.1,4,0.1,0,0,2
0.5,4,0.1,0,0,2
1,4,0.1,0,0,2
5,4,0.1,0,0,2
10,4,0.1,0,0,2
0.1,2,0.1,1,0,2
0.5,2,0.1,1,0,2
1,2,0.1,1,0,2
5,2,0.1,1,0,2
10,2,0.1,1,0,2
0.1,4,0.1,1,0,2
0.5,4,0.1,1,0,2
1,4,0.1,1,0,2
5,4,0.1,1,0,2
10,4,0.1,1,0,2
0.1,2,0.1,0,1,2
0.5,2,0.1,0,1,2
1,2,0.1,0,1,2
5,2,0.1,0,1,2
10,2,0.1,0,1,2
0.1,4,0.1,0,1,2
0.5,4,0.1,0,1,2
1,4,0.1,0,1,2
5,4,0.1,0,1,2
10,4,0.1,0,1,2
0.1,2,0.1,1,1,2
0.5,2,0.1,1,1,2
1,2,0.1,1,1,2
5,2,0.1,1,1,2
10,2,0.1,1,1,2
0.1,4,0.1,1,1,2
0.5,4,0.1,1,1,2
1,4,0.1,1,1,2
5,4,0.1,1,1,2
10,4,0.1,1,1,2
0.1,2,0.1,0,2,2
0.5,2,0.1,0,2,2
1,2,0.1,0,2,2
5,2,0.1,0,2,2
10,2,0.1,0,2,2
0.1,4,0.1,0,2,2
0.5,4,0.1,0,2,2
1,4,0.1,0,2,2
5,4,0.1,0,2,2
10,4,0.1,0,2,2
0.1,2,0.1,1,2,2
0.5,2,0.1,1,2,2
1,2,0.1,1,2,2
5,2,0.1,1,2,2
10,2,0.1,1,2,2
0.1,4,0.1,1,2,2
0.5,4,0.1,1,2,2
1,4,0.1,1,2,2
5,4,0.1,1,2,2
10,4,0.1,1,2,2
0.1,2,0.1,0,0,3
0.5,2,0.1,0,0,3
1,2,0.1,0,0,3
5,2,0.1,0,0,3
10,2,0.1,0,0,3
0.1,4,0.1,0,0,3
0.5,4,0.1,0,0,3
1,4,0.1,0,0,3
5,4,0.1,0,0,3
10,4,0.1,0,0,3
0.1,2,0.1,1,0,3
0.5,2,0.1,1,0,3
1,2,0.1,1,0,3
5,2,0.1,1,0,3
10,2,0.1,1,0,3
0.1,4,0.1,1,0,3
0.5,4,0.1,1,0,3
1,4,0.1,1,0,3
5,4,0.1,1,0,3
10,4,0.1,1,0,3
0.1,2,0.1,0,1,3
0.5,2,0.1,0,1,3
1,2,0.1,0,1,3
5,2,0.1,0,1,3
10,2,0.1,0,1,3
0.1,4,0.1,0,1,3
0.5,4,0.1,0,1,3
1,4,0.1,0,1,3
5,4,0.1,0,1,3
10,4,0.1,0,1,3
0.1,2,0.1,1,1,3
0.5,2,0.1,1,1,3
1,2,0.1,1,1,3
5,2,0.1,1,1,3
10,2,0.1,1,1,3
0.1,4,0.1,1,1,3
0.5,4,0.1,1,1,3
1,4,0.1,1,1,3
5,4,0.1,1,1,3
10,4,0.1,1,1,3
0.1,2,0.1,0,2,3
0.5,2,0.1,0,2,3
1,2,0.1,0,2,3
5,2,0.1,0,2,3
10,2,0.1,0,2,3
0.1,4,0.1,0,2,3
0.5,4,0.1,0,2,3
1,4,0.1,0,2,3
5,4,0.1,0,2,3
10,4,0.1,0,2,3
0.1,2,0.1,1,2,3
0.5,2,0.1,1,2,3
1,2,0.1,1,2,3
5,2,0.1,1,2,3
10,2,0.1,1,2,3
0.1,4,0.1,1,2,3
0.5,4,0.1,1,2,3
1,4,0.1,1,2,3
5,4,0.1,1,2,3
10,4,0.1,1,2,3
0.1,2,0.1,0,0,4
0.5,2,0.1,0,0,4
1,2,0.1,0,0,4
5,2,0.1,0,0,4
10,2,0.1,0,0,4
0.1,4,0.1,0,0,4
0.5,4,0.1,0,0,4
1,4,0.1,0,0,4
5,4,0.1,0,0,4
10,4,0.1,0,0,4
0.1,2,0.1,1,0,4
0.5,2,0.1,1,0,4
1,2,0.1,1,0,4
5,2,0.1,1,0,4
10,2,0.1,1,0,4
0.1,4,0.1,1,0,4
0.5,4,0.1,1,0,4
1,4,0.1,1,0,4
5,4,0.1,1,0,4
10,4,0.1,1,0,4
0.1,2,0.1,0,1,4
0.5,2,0.1,0,1,4
1,2,0.1,0,1,4
5,2,0.1,0,1,4
10,2,0.1,0,1,4
0.1,4,0.1,0,1,4
0.5,4,0.1,0,1,4
1,4,0.1,0,1,4
5,4,0.1,0,1,4
10,4,0.1,0,1,4
0.1,2,0.1,1,1,4
0.5,2,0.1,1,1,4
1,2,0.1,1,1,4
5,2,0.1,1,1,4
10,2,0.1,1,1,4
0.1,4,0.1,1,1,4
0.5,4,0.1,1,1,4
1,4,0.1,1,1,4
5,4,0.1,1,1,4
10,4,0.1,1,1,4
0.1,2,0.1,0,2,4
0.5,2,0.1,0,2,4
1,2,0.1,0,2,4
5,2,0.1,0,2,4
10,2,0.1,0,2,4
0.1,4,0.1,0,2,4
0.5,4,0.1,0,2,4
1,4,0.1,0,2,4
5,4,0.1,0,2,4
10,4,0.1,0,2,4
0.1,2,0.1,1,2,4
0.5,2,0.1,1,2,4
1,2,0.1,1,2,4
5,2,0.1,1,2,4
10,2,0.1,1,2,4
0.1,4,0.1,1,2,4
0.5,4,0.1,1,2,4
1,4,0.1,1,2,4
5,4,0.1,1,2,4
10,4,0.1,1,2,4
0.1,2,0.1,0,0,5
0.5,2,0.1,0,0,5
1,2,0.1,0,0,5
5,2,0.1,0,0,5
10,2,0.1,0,0,5
0.1,4,0.1,0,0,5
0.5,4,0.1,0,0,5
1,4,0.1,0,0,5
5,4,0.1,0,0,5
10,4,0.1,0,0,5
0.1,2,0.1,1,0,5
0.5,2,0.1,1,0,5
1,2,0.1,1,0,5
5,2,0.1,1,0,5
10,2,0.1,1,0,5
0.1,4,0.1,1,0,5
0.5,4,0.1,1,0,5
1,4,0.1,1,0,5
5,4,0.1,1,0,5
10,4,0.1,1,0,5
0.1,2,0.1,0,1,5
0.5,2,0.1,0,1,5
1,2,0.1,0,1,5
5,2,0.1,0,1,5
10,2,0.1,0,1,5
0.1,4,0.1,0,1,5
0.5,4,0.1,0,1,5
1,4,0.1,0,1,5
5,4,0.1,0,1,5
10,4,0.1,0,1,5
0.1,2,0.1,1,1,5
0.5,2,0.1,1,1,5
1,2,0.1,1,1,5
5,2,0.1,1,1,5
10,2,0.1,1,1,5
0.1,4,0.1,1,1,5
0.5,4,0.1,1,1,5
1,4,0.1,1,1,5
5,4,0.1,1,1,5
10,4,0.1,1,1,5
0.1,2,0.1,0,2,5
0.5,2,0.1,0,2,5
1,2,0.1,0,2,5
5,2,0.1,0,2,5
10,2,0.1,0,2,5
0.1,4,0.1,0,2,5
0.5,4,0.1,0,2,5
1,4,0.1,0,2,5
5,4,0.1,0,2,5
10,4,0.1,0,2,5
0.1,2,0.1,1,2,5
0.5,2,0.1,1,2,5
1,2,0.1,1,2,5
5,2,0.1,1,2,5
10,2,0.1,1,2,5
0.1,4,0.1,1,2,5
0.5,4,0.1,1,2,5
1,4,0.1,1,2,5
5,4,0.1,1,2,5
10,4,0.1,1,2,5
0.1,2,0.1,0,0,6
0.5,2,0.1,0,0,6
1,2,0.1,0,0,6
5,2,0.1,0,0,6
10,2,0.1,0,0,6
0.1,4,0.1,0,0,6
0.5,4,0.1,0,0,6
1,4,0.1,0,0,6
5,4,0.1,0,0,6
10,4,0.1,0,0,6
0.1,2,0.1,1,0,6
0.5,2,0.1,1,0,6
1,2,0.1,1,0,6
5,2,0.1,1,0,6
10,2,0.1,1,0,6
0.1,4,0.1,1,0,6
0.5,4,0.1,1,0,6
1,4,0.1,1,0,6
5,4,0.1,1,0,6
10,4,0.1,1,0,6
0.1,2,0.1,0,1,6
0.5,2,0.1,0,1,6
1,2,0.1,0,1,6
5,2,0.1,0,1,6
10,2,0.1,0,1,6
0.1,4,0.1,0,1,6
0.5,4,0.1,0,1,6
1,4,0.1,0,1,6
5,4,0.1,0,1,6
10,4,0.1,0,1,6
0.1,2,0.1,1,1,6
0.5,2,0.1,1,1,6
1,2,0.1,1,1,6
5,2,0.1,1,1,6
10,2,0.1,1,1,6
0.1,4,0.1,1,1,6
0.5,4,0.1,1,1,6
1,4,0.1,1,1,6
5,4,0.1,1,1,6
10,4,0.1,1,1,6
0.1,2,0.1,0,2,6
0.5,2,0.1,0,2,6
1,2,0.1,0,2,6
5,2,0.1,0,2,6
10,2,0.1,0,2,6
0.1,4,0.1,0,2,6
0.5,4,0.1,0,2,6
1,4,0.1,0,2,6
5,4,0.1,0,2,6
10,4,0.1,0,2,6
0.1,2,0.1,1,2,6
0.5,2,0.1,1,2,6
1,2,0.1,1,2,6
5,2,0.1,1,2,6
10,2,0.1,1,2,6
0.1,4,0.1,1,2,6
0.5,4,0.1,1,2,6
1,4,0.1,1,2,6
5,4,0.1,1,2,6
10,4,0.1,1,2,6
0.1,2,0.1,0,0,7
0.5,2,0.1,0,0,7
1,2,0.1,0,0,7
5,2,0.1,0,0,7
10,2,0.1,0,0,7
0.1,4,0.1,0,0,7
0.5,4,0.1,0,0,7
1,4,0.1,0,0,7
5,4,0.1,0,0,7
10,4,0.1,0,0,7
0.1,2,0.1,1,0,7
0.5,2,0.1,1,0,7
1,2,0.1,1,0,7
5,2,0.1,1,0,7
10,2,0.1,1,0,7
0.1,4,0.1,1,0,7
0.5,4,0.1,1,0,7
1,4,0.1,1,0,7
5,4,0.1,1,0,7
10,4,0.1,1,0,7
0.1,2,0.1,0,1,7
0.5,2,0.1,0,1,7
1,2,0.1,0,1,7
5,2,0.1,0,1,7
10,2,0.1,0,1,7
0.1,4,0.1,0,1,7
0.5,4,0.1,0,1,7
1,4,0.1,0,1,7
5,4,0.1,0,1,7
10,4,0.1,0,1,7
0.1,2,0.1,1,1,7
0.5,2,0.1,1,1,7
1,2,0.1,1,1,7
5,2,0.1,1,1,7
10,2,0.1,1,1,7
0.1,4,0.1,1,1,7
0.5,4,0.1,1,1,7
1,4,0.1,1,1,7
5,4,0.1,1,1,7
10,4,0.1,1,1,7
0.1,2,0.1,0,2,7
0.5,2,0.1,0,2,7
1,2,0.1,0,2,7
5,2,0.1,0,2,7
10,2,0.1,0,2,7
0.1,4,0.1,0,2,7
0.5,4,0.1,0,2,7
1,4,0.1,0,2,7
5,4,0.1,0,2,7
10,4,0.1,0,2,7
0.1,2,0.1,1,2,7
0.5,2,0.1,1,2,7
1,2,0.1,1,2,7
5,2,0.1,1,2,7
10,2,0.1,1,2,7
0.1,4,0.1,1,2,7
0.5,4,0.1,1,2,7
1,4,0.1,1,2,7
5,4,0.1,1,2,7
10,4,0.1,1,2,7
0.1,2,0.1,0,0,8
0.5,2,0.1,0,0,8
1,2,0.1,0,0,8
5,2,0.1,0,0,8
10,2,0.1,0,0,8
0.1,4,0.1,0,0,8
0.5,4,0.1,0,0,8
1,4,0.1,0,0,8
5,4,0.1,0,0,8
10,4,0.1,0,0,8
0.1,2,0.1,1,0,8
0.5,2,0.1,1,0,8
1,2,0.1,1,0,8
5,2,0.1,1,0,8
10,2,0.1,1,0,8
0.1,4,0.1,1,0,8
0.5,4,0.1,1,0,8
1,4,0.1,1,0,8
5,4,0.1,1,0,8
10,4,0.1,1,0,8
0.1,2,0.1,0,1,8
0.5,2,0.1,0,1,8
1,2,0.1,0,1,8
5,2,0.1,0,1,8
10,2,0.1,0,1,8
0.1,4,0.1,0,1,8
0.5,4,0.1,0,1,8
1,4,0.1,0,1,8
5,4,0.1,0,1,8
10,4,0.1,0,1,8
0.1,2,0.1,1,1,8
0.5,2,0.1,1,1,8
1,2,0.1,1,1,8
5,2,0.1,1,1,8
10,2,0.1,1,1,8
0.1,4,0.1,1,1,8
0.5,4,0.1,1,1,8
1,4,0.1,1,1,8
5,4,0.1,1,1,8
10,4,0.1,1,1,8
0.1,2,0.1,0,2,8
0.5,2,0.1,0,2,8
1,2,0.1,0,2,8
5,2,0.1,0,2,8
10,2,0.1,0,2,8
0.1,4,0.1,0,2,8
0.5,4,0.1,0,2,8
1,4,0.1,0,2,8
5,4,0.1,0,2,8
10,4,0.1,0,2,8
0.1,2,0.1,1,2,8
0.5,2,0.1,1,2,8
1,2,0.1,1,2,8
5,2,0.1,1,2,8
10,2,0.1,1,2,8
0.1,4,0.1,1,2,8
0.5,4,0.1,1,2,8
1,4,0.1,1,2,8
5,4,0.1,1,2,8
10,4,0.1,1,2,8
0.1,2,0.1,0,0,9
0.5,2,0.1,0,0,9
1,2,0.1,0,0,9
5,2,0.1,0,0,9
10,2,0.1,0,0,9
0.1,4,0.1,0,0,9
0.5,4,0.1,0,0,9
1,4,0.1,0,0,9
5,4,0.1,0,0,9
10,4,0.1,0,0,9
0.1,2,0.1,1,0,9
0.5,2,0.1,1,0,9
1,2,0.1,1,0,9
5,2,0.1,1,0,9
10,2,0.1,1,0,9
0.1,4,0.1,1,0,9
0.5,4,0.1,1,0,9
1,4,0.1,1,0,9
5,4,0.1,1,0,9
10,4,0.1,1,0,9
0.1,2,0.1,0,1,9
0.5,2,0.1,0,1,9
1,2,0.1,0,1,9
5,2,0.1,0,1,9
10,2,0.1,0,1,9
0.1,4,0.1,0,1,9
0.5,4,0.1,0,1,9
1,4,0.1,0,1,9
5,4,0.1,0,1,9
10,4,0.1,0,1,9
0.1,2,0.1,1,1,9
0.5,2,0.1,1,1,9
1,2,0.1,1,1,9
5,2,0.1,1,1,9
10,2,0.1,1,1,9
0.1,4,0.1,1,1,9
0.5,4,0.1,1,1,9
1,4,0.1,1,1,9
5,4,0.1,1,1,9
10,4,0.1,1,1,9
0.1,2,0.1,0,2,9
0.5,2,0.1,0,2,9
1,2,0.1,0,2,9
5,2,0.1,0,2,9
10,2,0.1,0,2,9
0.1,4,0.1,0,2,9
0.5,4,0.1,0,2,9
1,4,0.1,0,2,9
5,4,0.1,0,2,9
10,4,0.1,0,2,9
0.1,2,0.1,1,2,9
0.5,2,0.1,1,2,9
1,2,0.1,1,2,9
5,2,0.1,1,2,9
10,2,0.1,1,2,9
0.1,4,0.1,1,2,9
0.5,4,0.1,1,2,9
1,4,0.1,1,2,9
5,4,0.1,1,2,9
10,4,0.1,1,2,9
0.1,2,0.1,0,0,10
0.5,2,0.1,0,0,10
1,2,0.1,0,0,10
5,2,0.1,0,0,10
10,2,0.1,0,0,10
0.1,4,0.1,0,0,10
0.5,4,0.1,0,0,10
1,4,0.1,0,0,10
5,4,0.1,0,0,10
10,4,0.1,0,0,10
0.1,2,0.1,1,0,10
0.5,2,0.1,1,0,10
1,2,0.1,1,0,10
5,2,0.1,1,0,10
10,2,0.1,1,0,10
0.1,4,0.1,1,0,10
0.5,4,0.1,1,0,10
1,4,0.1,1,0,10
5,4,0.1,1,0,10
10,4,0.1,1,0,10
0.1,2,0.1,0,1,10
0.5,2,0.1,0,1,10
1,2,0.1,0,1,10
5,2,0.1,0,1,10
10,2,0.1,0,1,10
0.1,4,0.1,0,1,10
0.5,4,0.1,0,1,10
1,4,0.1,0,1,10
5,4,0.1,0,1,10
10,4,0.1,0,1,10
0.1,2,0.1,1,1,10
0.5,2,0.1,1,1,10
1,2,0.1,1,1,10
5,2,0.1,1,1,10
10,2,0.1,1,1,10
0.1,4,0.1,1,1,10
0.5,4,0.1,1,1,10
1,4,0.1,1,1,10
5,4,0.1,1,1,10
10,4,0.1,1,1,10
0.1,2,0.1,0,2,10
0.5,2,0.1,0,2,10
1,2,0.1,0,2,10
5,2,0.1,0,2,10
10,2,0.1,0,2,10
0.1,4,0.1,0,2,10
0.5,4,0.1,0,2,10
1,4,0.1,0,2,10
5,4,0.1,0,2,10
10,4,0.1,0,2,10
0.1,2,0.1,1,2,10
0.5,2,0.1,1,2,10
1,2,0.1,1,2,10
5,2,0.1,1,2,10
10,2,0.1,1,2,10
0.1,4,0.1,1,2,10
0.5,4,0.1,1,2,10
1,4,0.1,1,2,10
5,4,0.1,1,2,10
10,4,0.1,1,2,10
0.1,2,0.1,0,0,11
0.5,2,0.1,0,0,11
1,2,0.1,0,0,11
5,2,0.1,0,0,11
10,2,0.1,0,0,11
0.1,4,0.1,0,0,11
0.5,4,0.1,0,0,11
1,4,0.1,0,0,11
5,4,0.1,0,0,11
10,4,0.1,0,0,11
0.1,2,0.1,1,0,11
0.5,2,0.1,1,0,11
1,2,0.1,1,0,11
5,2,0.1,1,0,11
10,2,0.1,1,0,11
0.1,4,0.1,1,0,11
0.5,4,0.1,1,0,11
1,4,0.1,1,0,11
5,4,0.1,1,0,11
10,4,0.1,1,0,11
0.1,2,0.1,0,1,11
0.5,2,0.1,0,1,11
1,2,0.1,0,1,11
5,2,0.1,0,1,11
10,2,0.1,0,1,11
0.1,4,0.1,0,1,11
0.5,4,0.1,0,1,11
1,4,0.1,0,1,11
5,4,0.1,0,1,11
10,4,0.1,0,1,11
0.1,2,0.1,1,1,11
0.5,2,0.1,1,1,11
1,2,0.1,1,1,11
5,2,0.1,1,1,11
10,2,0.1,1,1,11
0.1,4,0.1,1,1,11
0.5,4,0.1,1,1,11
1,4,0.1,1,1,11
5,4,0.1,1,1,11
10,4,0.1,1,1,11
0.1,2,0.1,0,2,11
0.5,2,0.1,0,2,11
1,2,0.1,0,2,11
5,2,0.1,0,2,11
10,2,0.1,0,2,11
0.1,4,0.1,0,2,11
0.5,4,0.1,0,2,11
1,4,0.1,0,2,11
5,4,0.1,0,2,11
10,4,0.1,0,2,11
0.1,2,0.1,1,2,11
0.5,2,0.1,1,2,11
1,2,0.1,1,2,11
5,2,0.1,1,2,11
10,2,0.1,1,2,11
0.1,4,0.1,1,2,11
0.5,4,0.1,1,2,11
1,4,0.1,1,2,11
5,4,0.1,1,2,11
10,4,0.1,1,2,11
0.1,2,0.1,0,0,12
0.5,2,0.1,0,0,12
1,2,0.1,0,0,12
5,2,0.1,0,0,12
10,2,0.1,0,0,12
0.1,4,0.1,0,0,12
0.5,4,0.1,0,0,12
1,4,0.1,0,0,12
5,4,0.1,0,0,12
10,4,0.1,0,0,12
0.1,2,0.1,1,0,12
0.5,2,0.1,1,0,12
1,2,0.1,1,0,12
5,2,0.1,1,0,12
10,2,0.1,1,0,12
0.1,4,0.1,1,0,12
0.5,4,0.1,1,0,12
1,4,0.1,1,0,12
5,4,0.1,1,0,12
10,4,0.1,1,0,12
0.1,2,0.1,0,1,12
0.5,2,0.1,0,1,12
1,2,0.1,0,1,12
5,2,0.1,0,1,12
10,2,0.1,0,1,12
0.1,4,0.1,0,1,12
0.5,4,0.1,0,1,12
1,4,0.1,0,1,12
5,4,0.1,0,1,12
10,4,0.1,0,1,12
0.1,2,0.1,1,1,12
0.5,2,0.1,1,1,12
1,2,0.1,1,1,12
5,2,0.1,1,1,12
10,2,0.1,1,1,12
0.1,4,0.1,1,1,12
0.5,4,0.1,1,1,12
1,4,0.1,1,1,12
5,4,0.1,1,1,12
10,4,0.1,1,1,12
0.1,2,0.1,0,2,12
0.5,2,0.1,0,2,12
1,2,0.1,0,2,12
5,2,0.1,0,2,12
10,2,0.1,0,2,12
0.1,4,0.1,0,2,12
0.5,4,0.1,0,2,12
1,4,0.1,0,2,12
5,4,0.1,0,2,12
10,4,0.1,0,2,12
0.1,2,0.1,1,2,12
0.5,2,0.1,1,2,12
1,2,0.1,1,2,12
5,2,0.1,1,2,12
10,2,0.1,1,2,12
0.1,4,0.1,1,2,12
0.5,4,0.1,1,2,12
1,4,0.1,1,2,12
5,4,0.1,1,2,12
10,4,0.1,1,2,12
0.1,2,0.1,0,0,13
0.5,2,0.1,0,0,13
1,2,0.1,0,0,13
5,2,0.1,0,0,13
10,2,0.1,0,0,13
0.1,4,0.1,0,0,13
0.5,4,0.1,0,0,13
1,4,0.1,0,0,13
5,4,0.1,0,0,13
10,4,0.1,0,0,13
0.1,2,0.1,1,0,13
0.5,2,0.1,1,0,13
1,2,0.1,1,0,13
5,2,0.1,1,0,13
10,2,0.1,1,0,13
0.1,4,0.1,1,0,13
0.5,4,0.1,1,0,13
1,4,0.1,1,0,13
5,4,0.1,1,0,13
10,4,0.1,1,0,13
0.1,2,0.1,0,1,13
0.5,2,0.1,0,1,13
1,2,0.1,0,1,13
5,2,0.1,0,1,13
10,2,0.1,0,1,13
0.1,4,0.1,0,1,13
0.5,4,0.1,0,1,13
1,4,0.1,0,1,13
5,4,0.1,0,1,13
10,4,0.1,0,1,13
0.1,2,0.1,1,1,13
0.5,2,0.1,1,1,13
1,2,0.1,1,1,13
5,2,0.1,1,1,13
10,2,0.1,1,1,13
0.1,4,0.1,1,1,13
0.5,4,0.1,1,1,13
1,4,0.1,1,1,13
5,4,0.1,1,1,13
10,4,0.1,1,1,13
0.1,2,0.1,0,2,13
0.5,2,0.1,0,2,13
1,2,0.1,0,2,13
5,2,0.1,0,2,13
10,2,0.1,0,2,13
0.1,4,0.1,0,2,13
0.5,4,0.1,0,2,13
1,4,0.1,0,2,13
5,4,0.1,0,2,13
10,4,0.1,0,2,13
0.1,2,0.1,1,2,13
0.5,2,0.1,1,2,13
1,2,0.1,1,2,13
5,2,0.1,1,2,13
10,2,0.1,1,2,13
0.1,4,0.1,1,2,13
0.5,4,0.1,1,2,13
1,4,0.1,1,2,13
5,4,0.1,1,2,13
10,4,0.1,1,2,13
0.1,2,0.1,0,0,14
0.5,2,0.1,0,0,14
1,2,0.1,0,0,14
5,2,0.1,0,0,14
10,2,0.1,0,0,14
0.1,4,0.1,0,0,14
0.5,4,0.1,0,0,14
1,4,0.1,0,0,14
5,4,0.1,0,0,14
10,4,0.1,0,0,14
0.1,2,0.1,1,0,14
0.5,2,0.1,1,0,14
1,2,0.1,1,0,14
5,2,0.1,1,0,14
10,2,0.1,1,0,14
0.1,4,0.1,1,0,14
0.5,4,0.1,1,0,14
1,4,0.1,1,0,14
5,4,0.1,1,0,14
10,4,0.1,1,0,14
0.1,2,0.1,0,1,14
0.5,2,0.1,0,1,14
1,2,0.1,0,1,14
5,2,0.1,0,1,14
10,2,0.1,0,1,14
0.1,4,0.1,0,1,14
0.5,4,0.1,0,1,14
1,4,0.1,0,1,14
5,4,0.1,0,1,14
10,4,0.1,0,1,14
0.1,2,0.1,1,1,14
0.5,2,0.1,1,1,14
1,2,0.1,1,1,14
5,2,0.1,1,1,14
10,2,0.1,1,1,14
0.1,4,0.1,1,1,14
0.5,4,0.1,1,1,14
1,4,0.1,1,1,14
5,4,0.1,1,1,14
10,4,0.1,1,1,14
0.1,2,0.1,0,2,14
0.5,2,0.1,0,2,14
1,2,0.1,0,2,14
5,2,0.1,0,2,14
10,2,0.1,0,2,14
0.1,4,0.1,0,2,14
0.5,4,0.1,0,2,14
1,4,0.1,0,2,14
5,4,0.1,0,2,14
10,4,0.1,0,2,14
0.1,2,0.1,1,2,14
0.5,2,0.1,1,2,14
1,2,0.1,1,2,14
5,2,0.1,1,2,14
10,2,0.1,1,2,14
0.1,4,0.1,1,2,14
0.5,4,0.1,1,2,14
1,4,0.1,1,2,14
5,4,0.1,1,2,14
10,4,0.1,1,2,14
0.1,2,0.1,0,0,15
0.5,2,0.1,0,0,15
1,2,0.1,0,0,15
5,2,0.1,0,0,15
10,2,0.1,0,0,15
0.1,4,0.1,0,0,15
0.5,4,0.1,0,0,15
1,4,0.1,0,0,15
5,4,0.1,0,0,15
10,4,0.1,0,0,15
0.1,2,0.1,1,0,15
0.5,2,0.1,1,0,15
1,2,0.1,1,0,15
5,2,0.1,1,0,15
10,2,0.1,1,0,15
0.1,4,0.1,1,0,15
0.5,4,0.1,1,0,15
1,4,0.1,1,0,15
5,4,0.1,1,0,15
10,4,0.1,1,0,15
0.1,2,0.1,0,1,15
0.5,2,0.1,0,1,15
1,2,0.1,0,1,15
5,2,0.1,0,1,15
10,2,0.1,0,1,15
0.1,4,0.1,0,1,15
0.5,4,0.1,0,1,15
1,4,0.1,0,1,15
5,4,0.1,0,1,15
10,4,0.1,0,1,15
0.1,2,0.1,1,1,15
0.5,2,0.1,1,1,15
1,2,0.1,1,1,15
5,2,0.1,1,1,15
10,2,0.1,1,1,15
0.1,4,0.1,1,1,15
0.5,4,0.1,1,1,15
1,4,0.1,1,1,15
5,4,0.1,1,1,15
10,4,0.1,1,1,15
0.1,2,0.1,0,2,15
0.5,2,0.1,0,2,15
1,2,0.1,0,2,15
5,2,0.1,0,2,15
10,2,0.1,0,2,15
0.1,4,0.1,0,2,15
0.5,4,0.1,0,2,15
1,4,0.1,0,2,15
5,4,0.1,0,2,15
10,4,0.1,0,2,15
0.1,2,0.1,1,2,15
0.5,2,0.1,1,2,15
1,2,0.1,1,2,15
5,2,0.1,1,2,15
10,2,0.1,1,2,15
0.1,4,0.1,1,2,15
0.5,4,0.1,1,2,15
1,4,0.1,1,2,15
5,4,0.1,1,2,15
10,4,0.1,1,2,15
0.1,2,0.1,0,0,16
0.5,2,0.1,0,0,16
1,2,0.1,0,0,16
5,2,0.1,0,0,16
10,2,0.1,0,0,16
0.1,4,0.1,0,0,16
0.5,4,0.1,0,0,16
1,4,0.1,0,0,16
5,4,0.1,0,0,16
10,4,0.1,0,0,16
0.1,2,0.1,1,0,16
0.5,2,0.1,1,0,16
1,2,0.1,1,0,16
5,2,0.1,1,0,16
10,2,0.1,1,0,16
0.1,4,0.1,1,0,16
0.5,4,0.1,1,0,16
1,4,0.1,1,0,16
5,4,0.1,1,0,16
10,4,0.1,1,0,16
0.1,2,0.1,0,1,16
0.5,2,0.1,0,1,16
1,2,0.1,0,1,16
5,2,0.1,0,1,16
10,2,0.1,0,1,16
0.1,4,0.1,0,1,16
0.5,4,0.1,0,1,16
1,4,0.1,0,1,16
5,4,0.1,0,1,16
10,4,0.1,0,1,16
0.1,2,0.1,1,1,16
0.5,2,0.1,1,1,16
1,2,0.1,1,1,16
5,2,0.1,1,1,16
10,2,0.1,1,1,16
0.1,4,0.1,1,1,16
0.5,4,0.1,1,1,16
1,4,0.1,1,1,16
5,4,0.1,1,1,16
10,4,0.1,1,1,16
0.1,2,0.1,0,2,16
0.5,2,0.1,0,2,16
1,2,0.1,0,2,16
5,2,0.1,0,2,16
10,2,0.1,0,2,16
0.1,4,0.1,0,2,16
0.5,4,0.1,0,2,16
1,4,0.1,0,2,16
5,4,0.1,0,2,16
10,4,0.1,0,2,16
0.1,2,0.1,1,2,16
0.5,2,0.1,1,2,16
1,2,0.1,1,2,16
5,2,0.1,1,2,16
10,2,0.1,1,2,16
0.1,4,0.1,1,2,16
0.5,4,0.1,1,2,16
1,4,0.1,1,2,16
5,4,0.1,1,2,16
10,4,0.1,1,2,16
0.1,2,0.1,0,0,17
0.5,2,0.1,0,0,17
1,2,0.1,0,0,17
5,2,0.1,0,0,17
10,2,0.1,0,0,17
0.1,4,0.1,0,0,17
0.5,4,0.1,0,0,17
1,4,0.1,0,0,17
5,4,0.1,0,0,17
10,4,0.1,0,0,17
0.1,2,0.1,1,0,17
0.5,2,0.1,1,0,17
1,2,0.1,1,0,17
5,2,0.1,1,0,17
10,2,0.1,1,0,17
0.1,4,0.1,1,0,17
0.5,4,0.1,1,0,17
1,4,0.1,1,0,17
5,4,0.1,1,0,17
10,4,0.1,1,0,17
0.1,2,0.1,0,1,17
0.5,2,0.1,0,1,17
1,2,0.1,0,1,17
5,2,0.1,0,1,17
10,2,0.1,0,1,17
0.1,4,0.1,0,1,17
0.5,4,0.1,0,1,17
1,4,0.1,0,1,17
5,4,0.1,0,1,17
10,4,0.1,0,1,17
0.1,2,0.1,1,1,17
0.5,2,0.1,1,1,17
1,2,0.1,1,1,17
5,2,0.1,1,1,17
10,2,0.1,1,1,17
0.1,4,0.1,1,1,17
0.5,4,0.1,1,1,17
1,4,0.1,1,1,17
5,4,0.1,1,1,17
10,4,0.1,1,1,17
0.1,2,0.1,0,2,17
0.5,2,0.1,0,2,17
1,2,0.1,0,2,17
5,2,0.1,0,2,17
10,2,0.1,0,2,17
0.1,4,0.1,0,2,17
0.5,4,0.1,0,2,17
1,4,0.1,0,2,17
5,4,0.1,0,2,17
10,4,0.1,0,2,17
0.1,2,0.1,1,2,17
0.5,2,0.1,1,2,17
1,2,0.1,1,2,17
5,2,0.1,1,2,17
10,2,0.1,1,2,17
0.1,4,0.1,1,2,17
0.5,4,0.1,1,2,17
1,4,0.1,1,2,17
5,4,0.1,1,2,17
10,4,0.1,1,2,17
0.1,2,0.1,0,0,18
0.5,2,0.1,0,0,18
1,2,0.1,0,0,18
5,2,0.1,0,0,18
10,2,0.1,0,0,18
0.1,4,0.1,0,0,18
0.5,4,0.1,0,0,18
1,4,0.1,0,0,18
5,4,0.1,0,0,18
10,4,0.1,0,0,18
0.1,2,0.1,1,0,18
0.5,2,0.1,1,0,18
1,2,0.1,1,0,18
5,2,0.1,1,0,18
10,2,0.1,1,0,18
0.1,4,0.1,1,0,18
0.5,4,0.1,1,0,18
1,4,0.1,1,0,18
5,4,0.1,1,0,18
10,4,0.1,1,0,18
0.1,2,0.1,0,1,18
0.5,2,0.1,0,1,18
1,2,0.1,0,1,18
5,2,0.1,0,1,18
10,2,0.1,0,1,18
0.1,4,0.1,0,1,18
0.5,4,0.1,0,1,18
1,4,0.1,0,1,18
5,4,0.1,0,1,18
10,4,0.1,0,1,18
0.1,2,0.1,1,1,18
0.5,2,0.1,1,1,18
1,2,0.1,1,1,18
5,2,0.1,1,1,18
10,2,0.1,1,1,18
0.1,4,0.1,1,1,18
0.5,4,0.1,1,1,18
1,4,0.1,1,1,18
5,4,0.1,1,1,18
10,4,0.1,1,1,18
0.1,2,0.1,0,2,18
0.5,2,0.1,0,2,18
1,2,0.1,0,2,18
5,2,0.1,0,2,18
10,2,0.1,0,2,18
0.1,4,0.1,0,2,18
0.5,4,0.1,0,2,18
1,4,0.1,0,2,18
5,4,0.1,0,2,18
10,4,0.1,0,2,18
0.1,2,0.1,1,2,18
0.5,2,0.1,1,2,18
1,2,0.1,1,2,18
5,2,0.1,1,2,18
10,2,0.1,1,2,18
0.1,4,0.1,1,2,18
0.5,4,0.1,1,2,18
1,4,0.1,1,2,18
5,4,0.1,1,2,18
10,4,0.1,1,2,18
0.1,2,0.1,0,0,19
0.5,2,0.1,0,0,19
1,2,0.1,0,0,19
5,2,0.1,0,0,19
10,2,0.1,0,0,19
0.1,4,0.1,0,0,19
0.5,4,0.1,0,0,19
1,4,0.1,0,0,19
5,4,0.1,0,0,19
10,4,0.1,0,0,19
0.1,2,0.1,1,0,19
0.5,2,0.1,1,0,19
1,2,0.1,1,0,19
5,2,0.1,1,0,19
10,2,0.1,1,0,19
0.1,4,0.1,1,0,19
0.5,4,0.1,1,0,19
1,4,0.1,1,0,19
5,4,0.1,1,0,19
10,4,0.1,1,0,19
0.1,2,0.1,0,1,19
0.5,2,0.1,0,1,19
1,2,0.1,0,1,19
5,2,0.1,0,1,19
10,2,0.1,0,1,19
0.1,4,0.1,0,1,19
0.5,4,0.1,0,1,19
1,4,0.1,0,1,19
5,4,0.1,0,1,19
10,4,0.1,0,1,19
0.1,2,0.1,1,1,19
0.5,2,0.1,1,1,19
1,2,0.1,1,1,19
5,2,0.1,1,1,19
10,2,0.1,1,1,19
0.1,4,0.1,1,1,19
0.5,4,0.1,1,1,19
1,4,0.1,1,1,19
5,4,0.1,1,1,19
10,4,0.1,1,1,19
0.1,2,0.1,0,2,19
0.5,2,0.1,0,2,19
1,2,0.1,0,2,19
5,2,0.1,0,2,19
10,2,0.1,0,2,19
0.1,4,0.1,0,2,19
0.5,4,0.1,0,2,19
1,4,0.1,0,2,19
5,4,0.1,0,2,19
10,4,0.1,0,2,19
0.1,2,0.1,1,2,19
0.5,2,0.1,1,2,19
1,2,0.1,1,2,19
5,2,0.1,1,2,19
10,2,0.1,1,2,19
0.1,4,0.1,1,2,19
0.5,4,0.1,1,2,19
1,4,0.1,1,2,19
5,4,0.1,1,2,19
10,4,0.1,1,2,19
0.1,2,0.1,0,0,20
0.5,2,0.1,0,0,20
1,2,0.1,0,0,20
5,2,0.1,0,0,20
10,2,0.1,0,0,20
0.1,4,0.1,0,0,20
0.5,4,0.1,0,0,20
1,4,0.1,0,0,20
5,4,0.1,0,0,20
10,4,0.1,0,0,20
0.1,2,0.1,1,0,20
0.5,2,0.1,1,0,20
1,2,0.1,1,0,20
5,2,0.1,1,0,20
10,2,0.1,1,0,20
0.1,4,0.1,1,0,20
0.5,4,0.1,1,0,20
1,4,0.1,1,0,20
5,4,0.1,1,0,20
10,4,0.1,1,0,20
0.1,2,0.1,0,1,20
0.5,2,0.1,0,1,20
1,2,0.1,0,1,20
5,2,0.1,0,1,20
10,2,0.1,0,1,20
0.1,4,0.1,0,1,20
0.5,4,0.1,0,1,20
1,4,0.1,0,1,20
5,4,0.1,0,1,20
10,4,0.1,0,1,20
0.1,2,0.1,1,1,20
0.5,2,0.1,1,1,20
1,2,0.1,1,1,20
5,2,0.1,1,1,20
10,2,0.1,1,1,20
0.1,4,0.1,1,1,20
0.5,4,0.1,1,1,20
1,4,0.1,1,1,20
5,4,0.1,1,1,20
10,4,0.1,1,1,20
0.1,2,0.1,0,2,20
0.5,2,0.1,0,2,20
1,2,0.1,0,2,20
5,2,0.1,0,2,20
10,2,0.1,0,2,20
0.1,4,0.1,0,2,20
0.5,4,0.1,0,2,20
1,4,0.1,0,2,20
5,4,0.1,0,2,20
10,4,0.1,0,2,20
0.1,2,0.1,1,2,20
0.5,2,0.1,1,2,20
1,2,0.1,1,2,20
5,2,0.1,1,2,20
10,2,0.1,1,2,20
0.1,4,0.1,1,2,20
0.5,4,0.1,1,2,20
1,4,0.1,1,2,20
5,4,0.1,1,2,20
10,4,0.1,1,2,20
0.1,2,0.1,0,0,21
0.5,2,0.1,0,0,21
1,2,0.1,0,0,21
5,2,0.1,0,0,21
10,2,0.1,0,0,21
0.1,4,0.1,0,0,21
0.5,4,0.1,0,0,21
1,4,0.1,0,0,21
5,4,0.1,0,0,21
10,4,0.1,0,0,21
0.1,2,0.1,1,0,21
0.5,2,0.1,1,0,21
1,2,0.1,1,0,21
5,2,0.1,1,0,21
10,2,0.1,1,0,21
0.1,4,0.1,1,0,21
0.5,4,0.1,1,0,21
1,4,0.1,1,0,21
5,4,0.1,1,0,21
10,4,0.1,1,0,21
0.1,2,0.1,0,1,21
0.5,2,0.1,0,1,21
1,2,0.1,0,1,21
5,2,0.1,0,1,21
10,2,0.1,0,1,21
0.1,4,0.1,0,1,21
0.5,4,0.1,0,1,21
1,4,0.1,0,1,21
5,4,0.1,0,1,21
10,4,0.1,0,1,21
0.1,2,0.1,1,1,21
0.5,2,0.1,1,1,21
1,2,0.1,1,1,21
5,2,0.1,1,1,21
10,2,0.1,1,1,21
0.1,4,0.1,1,1,21
0.5,4,0.1,1,1,21
1,4,0.1,1,1,21
5,4,0.1,1,1,21
10,4,0.1,1,1,21
0.1,2,0.1,0,2,21
0.5,2,0.1,0,2,21
1,2,0.1,0,2,21
5,2,0.1,0,2,21
10,2,0.1,0,2,21
0.1,4,0.1,0,2,21
0.5,4,0.1,0,2,21
1,4,0.1,0,2,21
5,4,0.1,0,2,21
10,4,0.1,0,2,21
0.1,2,0.1,1,2,21
0.5,2,0.1,1,2,21
1,2,0.1,1,2,21
5,2,0.1,1,2,21
10,2,0.1,1,2,21
0.1,4,0.1,1,2,21
0.5,4,0.1,1,2,21
1,4,0.1,1,2,21
5,4,0.1,1,2,21
10,4,0.1,1,2,21
0.1,2,0.1,0,0,22
0.5,2,0.1,0,0,22
1,2,0.1,0,0,22
5,2,0.1,0,0,22
10,2,0.1,0,0,22
0.1,4,0.1,0,0,22
0.5,4,0.1,0,0,22
1,4,0.1,0,0,22
5,4,0.1,0,0,22
10,4,0.1,0,0,22
0.1,2,0.1,1,0,22
0.5,2,0.1,1,0,22
1,2,0.1,1,0,22
5,2,0.1,1,0,22
10,2,0.1,1,0,22
0.1,4,0.1,1,0,22
0.5,4,0.1,1,0,22
1,4,0.1,1,0,22
5,4,0.1,1,0,22
10,4,0.1,1,0,22
0.1,2,0.1,0,1,22
0.5,2,0.1,0,1,22
1,2,0.1,0,1,22
5,2,0.1,0,1,22
10,2,0.1,0,1,22
0.1,4,0.1,0,1,22
0.5,4,0.1,0,1,22
1,4,0.1,0,1,22
5,4,0.1,0,1,22
10,4,0.1,0,1,22
0.1,2,0.1,1,1,22
0.5,2,0.1,1,1,22
1,2,0.1,1,1,22
5,2,0.1,1,1,22
10,2,0.1,1,1,22
0.1,4,0.1,1,1,22
0.5,4,0.1,1,1,22
1,4,0.1,1,1,22
5,4,0.1,1,1,22
10,4,0.1,1,1,22
0.1,2,0.1,0,2,22
0.5,2,0.1,0,2,22
1,2,0.1,0,2,22
5,2,0.1,0,2,22
10,2,0.1,0,2,22
0.1,4,0.1,0,2,22
0.5,4,0.1,0,2,22
1,4,0.1,0,2,22
5,4,0.1,0,2,22
10,4,0.1,0,2,22
0.1,2,0.1,1,2,22
0.5,2,0.1,1,2,22
1,2,0.1,1,2,22
5,2,0.1,1,2,22
10,2,0.1,1,2,22
0.1,4,0.1,1,2,22
0.5,4,0.1,1,2,22
1,4,0.1,1,2,22
5,4,0.1,1,2,22
10,4,0.1,1,2,22
0.1,2,0.1,0,0,23
0.5,2,0.1,0,0,23
1,2,0.1,0,0,23
5,2,0.1,0,0,23
10,2,0.1,0,0,23
0.1,4,0.1,0,0,23
0.5,4,0.1,0,0,23
1,4,0.1,0,0,23
5,4,0.1,0,0,23
10,4,0.1,0,0,23
0.1,2,0.1,1,0,23
0.5,2,0.1,1,0,23
1,2,0.1,1,0,23
5,2,0.1,1,0,23
10,2,0.1,1,0,23
0.1,4,0.1,1,0,23
0.5,4,0.1,1,0,23
1,4,0.1,1,0,23
5,4,0.1,1,0,23
10,4,0.1,1,0,23
0.1,2,0.1,0,1,23
0.5,2,0.1,0,1,23
1,2,0.1,0,1,23
5,2,0.1,0,1,23
10,2,0.1,0,1,23
0.1,4,0.1,0,1,23
0.5,4,0.1,0,1,23
1,4,0.1,0,1,23
5,4,0.1,0,1,23
10,4,0.1,0,1,23
0.1,2,0.1,1,1,23
0.5,2,0.1,1,1,23
1,2,0.1,1,1,23
5,2,0.1,1,1,23
10,2,0.1,1,1,23
0.1,4,0.1,1,1,23
0.5,4,0.1,1,1,23
1,4,0.1,1,1,23
5,4,0.1,1,1,23
10,4,0.1,1,1,23
0.1,2,0.1,0,2,23
0.5,2,0.1,0,2,23
1,2,0.1,0,2,23
5,2,0.1,0,2,23
10,2,0.1,0,2,23
0.1,4,0.1,0,2,23
0.5,4,0.1,0,2,23
1,4,0.1,0,2,23
5,4,0.1,0,2,23
10,4,0.1,0,2,23
0.1,2,0.1,1,2,23
0.5,2,0.1,1,2,23
1,2,0.1,1,2,23
5,2,0.1,1,2,23
10,2,0.1,1,2,23
0.1,4,0.1,1,2,23
0.5,4,0.1,1,2,23
1,4,0.1,1,2,23
5,4,0.1,1,2,23
10,4,0.1,1,2,23
0.1,2,0.1,0,0,24
0.5,2,0.1,0,0,24
1,2,0.1,0,0,24
5,2,0.1,0,0,24
10,2,0.1,0,0,24
0.1,4,0.1,0,0,24
0.5,4,0.1,0,0,24
1,4,0.1,0,0,24
5,4,0.1,0,0,24
10,4,0.1,0,0,24
0.1,2,0.1,1,0,24
0.5,2,0.1,1,0,24
1,2,0.1,1,0,24
5,2,0.1,1,0,24
10,2,0.1,1,0,24
0.1,4,0.1,1,0,24
0.5,4,0.1,1,0,24
1,4,0.1,1,0,24
5,4,0.1,1,0,24
10,4,0.1,1,0,24
0.1,2,0.1,0,1,24
0.5,2,0.1,0,1,24
1,2,0.1,0,1,24
5,2,0.1,0,1,24
10,2,0.1,0,1,24
0.1,4,0.1,0,1,24
0.5,4,0.1,0,1,24
1,4,0.1,0,1,24
5,4,0.1,0,1,24
10,4,0.1,0,1,24
0.1,2,0.1,1,1,24
0.5,2,0.1,1,1,24
1,2,0.1,1,1,24
5,2,0.1,1,1,24
10,2,0.1,1,1,24
0.1,4,0.1,1,1,24
0.5,4,0.1,1,1,24
1,4,0.1,1,1,24
5,4,0.1,1,1,24
10,4,0.1,1,1,24
0.1,2,0.1,0,2,24
0.5,2,0.1,0,2,24
1,2,0.1,0,2,24
5,2,0.1,0,2,24
10,2,0.1,0,2,24
0.1,4,0.1,0,2,24
0.5,4,0.1,0,2,24
1,4,0.1,0,2,24
5,4,0.1,0,2,24
10,4,0.1,0,2,24
0.1,2,0.1,1,2,24
0.5,2,0.1,1,2,24
1,2,0.1,1,2,24
5,2,0.1,1,2,24
10,2,0.1,1,2,24
0.1,4,0.1,1,2,24
0.5,4,0.1,1,2,24
1,4,0.1,1,2,24
5,4,0.1,1,2,24
10,4,0.1,1,2,24
0.1,2,0.1,0,0,25
0.5,2,0.1,0,0,25
1,2,0.1,0,0,25
5,2,0.1,0,0,25
10,2,0.1,0,0,25
0.1,4,0.1,0,0,25
0.5,4,0.1,0,0,25
1,4,0.1,0,0,25
5,4,0.1,0,0,25
10,4,0.1,0,0,25
0.1,2,0.1,1,0,25
0.5,2,0.1,1,0,25
1,2,0.1,1,0,25
5,2,0.1,1,0,25
10,2,0.1,1,0,25
0.1,4,0.1,1,0,25
0.5,4,0.1,1,0,25
1,4,0.1,1,0,25
5,4,0.1,1,0,25
10,4,0.1,1,0,25
0.1,2,0.1,0,1,25
0.5,2,0.1,0,1,25
1,2,0.1,0,1,25
5,2,0.1,0,1,25
10,2,0.1,0,1,25
0.1,4,0.1,0,1,25
0.5,4,0.1,0,1,25
1,4,0.1,0,1,25
5,4,0.1,0,1,25
10,4,0.1,0,1,25
0.1,2,0.1,1,1,25
0.5,2,0.1,1,1,25
1,2,0.1,1,1,25
5,2,0.1,1,1,25
10,2,0.1,1,1,25
0.1,4,0.1,1,1,25
0.5,4,0.1,1,1,25
1,4,0.1,1,1,25
5,4,0.1,1,1,25
10,4,0.1,1,1,25
0.1,2,0.1,0,2,25
0.5,2,0.1,0,2,25
1,2,0.1,0,2,25
5,2,0.1,0,2,25
10,2,0.1,0,2,25
0.1,4,0.1,0,2,25
0.5,4,0.1,0,2,25
1,4,0.1,0,2,25
5,4,0.1,0,2,25
10,4,0.1,0,2,25
0.1,2,0.1,1,2,25
0.5,2,0.1,1,2,25
1,2,0.1,1,2,25
5,2,0.1,1,2,25
10,2,0.1,1,2,25
0.1,4,0.1,1,2,25
0.5,4,0.1,1,2,25
1,4,0.1,1,2,25
5,4,0.1,1,2,25
10,4,0.1,1,2,25
